name,rating
alphabeta,1323.3184837399335
random_b,1046.2960681175111
random_a,630.3854481425544
